{
    "Version": "2012-10-17",
    "Statement": [
        {
            "Action": [
                "ec2:DescribeAccountAttributes",
                "ec2:DescribeRegions",
                "ec2:DescribeInstances",
                "ec2:RunInstances",
                "ec2:StartInstances",
                "ec2:StopInstances",
                "ec2:DeleteTags",
                "ec2:CreateTags",
                "ec2:TerminateInstances",
                "elasticloadbalancing:DescribeLoadBalancers",
                "elasticloadbalancing:CreateLoadBalancer",
                "elasticloadbalancing:DescribeTags",
                "elasticloadbalancing:RegisterInstancesWithLoadBalancer",
                "elasticloadbalancing:DeleteLoadBalancer",
                "ec2:DescribeSecurityGroups",
                "ec2:CreateSecurityGroup",
                "ec2:AuthorizeSecurityGroupIngress",
                "ec2:RevokeSecurityGroupIngress",
                "ec2:DeleteSecurityGroup",
                "ec2:DescribeVpcs",
                "ec2:*Vpc*",
                "ec2:CreateVpc",
                "ec2:DeleteVpc",
                "ec2:AssociateDhcpOptions",
                "ec2:DescribeDhcpOptions",
                "ec2:CreateDhcpOptions",
                "ec2:DeleteDhcpOptions",
                "ec2:DescribeCustomerGateways",
                "ec2:CreateCustomerGateway",
                "ec2:DeleteCustomerGateway",
                "ec2:DescribeInternetGateways",
                "ec2:CreateInternetGateway",
                "ec2:AttachInternetGateway",
                "ec2:DeleteInternetGateway",
                "ec2:DetachInternetGateway",
                "ec2:DescribeRouteTables",
                "ec2:CreateRouteTable",
                "ec2:DeleteRouteTable",
                "ec2:CreateRoute",
                "ec2:DescribeSubnets",
                "ec2:CreateSubnet",
                "ec2:DeleteSubnet",
                "ec2:AssociateRouteTable",
                "ec2:DescribeVpnConnections",
                "ec2:CreateVpnConnection",
                "ec2:DeleteVpnConnection",
                "ec2:CreateVpnConnectionRoute",
                "ec2:DescribeVpnGateways",
                "ec2:CreateVpnGateway",
                "ec2:AttachVpnGateway",
                "ec2:DetachVpnGateway",
                "ec2:DeleteVpnGateway",
                "ec2:CreateTags",
                "autoscaling:DescribeAutoScalingGroups",
                "autoscaling:CreateAutoScalingGroup",
                "autoscaling:UpdateAutoScalingGroup",
                "autoscaling:DeleteAutoScalingGroup",
                "autoscaling:DescribeLaunchConfigurations",
                "autoscaling:CreateLaunchConfiguration",
                "autoscaling:DeleteLaunchConfiguration",
                "autoscaling:DescribePolicies",
                "autoscaling:PutScalingPolicy",
                "autoscaling:DeletePolicy",
                "cloudwatch:DescribeAlarms",
                "cloudwatch:PutMetricAlarm",
                "cloudwatch:DeleteAlarms",
                "route53:ListResourceRecordSets",
                "route53:ListHostedZones",
                "route53:ChangeResourceRecordSets",
                "route53:CreateHostedZone",
                "route53:DeleteHostedZone",
                "rds:CreateDBInstance",
                "rds:ModifyDBInstance",
                "rds:DeleteDBInstance",
                "rds:DescribeDBInstances",
                "rds:AuthorizeDBSecurityGroupIngress",
                "rds:DescribeDBSecurityGroups",
                "rds:CreateDBSecurityGroup",
                "rds:DeleteDBSecurityGroup",
                "rds:DescribeDBParameterGroups",
                "sqs:*"
            ],
            "Effect": "Allow",
            "Resource": "*"
        }
    ]
}
